itype,source,value
apt_md5,FirstEnergy,6f0b9e1f52998e21db8b5a07305d93e699e9e766c0d04403f436e2551946701e
mal_md5,FirstEnergy,78a39a266232122f4f65eb0100b8054cab88ffb4
apt_md5,FirstEnergy,c3bd20a26cad5cd8d5ff8174f70966f0
apt_md5,FirstEnergy,33bf019fdd05adfd0f6923c85285fc4b59a4e1c8
mal_md5,FirstEnergy,1d1f780a7d62578c4219d60606f0f116
apt_md5,FirstEnergy,051d65f29593c51312cc817218b48bead50652db
apt_md5,FirstEnergy,906b584f4eacc8e22f7d5fbc3c5d9ef50b0ab850
apt_md5,FirstEnergy,ab092dfa695c6d76b0591d6d556e1978
apt_md5,FirstEnergy,5402cd5a02296244561e773c9ed1ffc123925fbcaa84ffb8217ce89a56dbda53
apt_md5,FirstEnergy,d12a8a14f5ee977e2eea9f2f41d1a611a515e977ae4d5dfe354a6976ff4882bd
apt_md5,FirstEnergy,0e857464f66465ad0308d8f779b2448a0a4575556e2cffee2e574ce99ddf18ad
apt_md5,FirstEnergy,01152762200e26ef32e50b0d7e5ee72079417be707cc3b6c0fe526e269c5e6cc
apt_md5,FirstEnergy,c40786b5540c821ad748ded030521d0da28b0be312bfc8a96d82beedcf5d5d99
apt_md5,FirstEnergy,9f28b3994e9bcbb23e32b2570880627f636108acb41c9ae1e49f5b9fadb7539b
apt_md5,FirstEnergy,51438f58d10d99af37db0f0c48c7d27e3c683836
apt_md5,FirstEnergy,b83b06270fa729b34cabe749116640ff8ab754f6
mal_md5,FirstEnergy,3c17e12157dd28637b5aff5f2bc3897a
apt_md5,FirstEnergy,6c9504ae6198961d87b3f9b44047ff785ee34432
apt_md5,FirstEnergy,6de7069a8db28a6114d44ec6718bfbe4691414cb7979b5fefd926b846d11a108
apt_md5,FirstEnergy,d7331e0f2805c0e823ac1752f57c3dff
apt_md5,FirstEnergy,859f3e4c140a76a12ff7fda9b384480cc4479b7e
apt_md5,FirstEnergy,33a279aad2957589ca79cc64ba4ab0042ef903515f9fbc5014337320a23e602f
apt_md5,FirstEnergy,32a9869996524bef7023fcfcd1e362e358b77b0d
mal_md5,FirstEnergy,1947a104f3b5ae6d68091111eadf2238
apt_md5,FirstEnergy,8ba0a252b3b571314c45329698d4553561535f6f
apt_md5,FirstEnergy,2ff2c78d9c03a632828abdc69ca7820865af33d8
apt_md5,FirstEnergy,ee8980292f433544e9edeb2e6a02e45c371e9c62
apt_md5,FirstEnergy,f133ce984a4149afcbfc99d6ef1237fdc0125e01
apt_md5,FirstEnergy,65faf6fbf9920611ffe9aaeaa9b80b9738d299f5c50547104f1ea513dc211a7e
apt_md5,FirstEnergy,5410946177f5c18a29d74291179ab58d
apt_md5,FirstEnergy,17e556af685c40e31e71336b86bbccd6
apt_md5,FirstEnergy,4ace9e277ab91bd277dff9e307b62fea
apt_md5,FirstEnergy,c17bd6c58592d3b13f76acb6970c80e1
apt_md5,FirstEnergy,52a0dd4834dfbac72d06e5f7b7bd6611a1360721b9138fd33e0dc28d310e269d
apt_md5,FirstEnergy,7d19a914aa5b3e9cb86935245b677cfcd8a16a60
apt_md5,FirstEnergy,4213e91c91f35f25157d80f67adbe511
apt_md5,FirstEnergy,f3c30d9bbc84456de2a1ca5715eeca8c147c208402a0799dcf0472d090202d15
mal_md5,FirstEnergy,52046679023c2eee8f86dff16f044e5d
apt_md5,FirstEnergy,c6759ae5ae974677b6785278840596483ec1c0f9411b61d68fb3e06f30bed7bf
apt_md5,FirstEnergy,a2b0056cf312c5ba0a7a3a2f83b0fb08
apt_md5,FirstEnergy,83381a80fa2759200102cc2114f6fc2b27ab5341
mal_md5,FirstEnergy,0a7b556947b717b297dd312ee4579cfdb30f6e3b
mal_md5,FirstEnergy,80ff6234e96e176e446787086d86d015
apt_md5,FirstEnergy,73fef69b1d74e138b69dbfe954ec0bdb
apt_md5,FirstEnergy,9962eb476993e8c83c8c652c04bc8fe2ebeb7899f353dd2646a7fa8cb76ac735
mal_md5,FirstEnergy,0fed7de9d706131ad3c04624560294b9ee486d5c
apt_md5,FirstEnergy,d2d7e9ffd6433da4966766d21ece9b5398c624aa
apt_md5,FirstEnergy,8701e0a33ce49ca5ab77604c8e59cdc0
apt_md5,FirstEnergy,ca94b33c8ad9ba8a7031c389a3f0181a3dc47df4
apt_md5,FirstEnergy,723f394531d5ce4b66af4ff751d53bf1c299f1e939a5e10a62f6a25c633f55e3
apt_md5,FirstEnergy,4b6eb37329bea4dce557124d19ece0baa1d31db4c5d2b300867a5c0911fc1fcb
apt_md5,FirstEnergy,e0109770f45824e51fe40466c79cd5928d9c5573df92473cfdf4ec3394cc1b27
apt_md5,FirstEnergy,18978beb1755edf23a8efe1a4c355cc4935fc76d49f4bc2bcb44151eeccd100e
apt_md5,FirstEnergy,96c619716bd74e52b20166eb25cb181f
apt_md5,FirstEnergy,716169ac24e41aedf2503acc2960346b1ee7a7d6389bc2512118e73f0cf2aef6
mal_md5,FirstEnergy,02ddce012b021879d5b3e980c48f2d2f
apt_md5,FirstEnergy,0a32570679a73a5852b48473646e72f37c46577c
apt_md5,FirstEnergy,158b58b1f8183707e156dfb041d54445b2390003
mal_md5,FirstEnergy,b75d9e3728910176552290fbd7aa4a62b36b8154f588c6a624b9410965bc4be3
apt_md5,FirstEnergy,5a07a0ddc5f49b695730c0cee76f96c3efa921a4
apt_md5,FirstEnergy,7467ca132bedb5b1f87635ae1611a74f
apt_md5,FirstEnergy,2536610e2a46518edc23b2699a6fcf66
mal_md5,FirstEnergy,4e38d88a59fc49ec56aafb207777d1987a9711b457514f09fed221dbf640111a
apt_md5,FirstEnergy,31c7ac9bf3d229d7f335942b9d9446cf82e9f768ae29004a3788c62ee4491712
mal_md5,FirstEnergy,f4fb2109109234e9584f5cb230d441f5002fc2c7
apt_md5,FirstEnergy,762c01cffcfc2f0df5caaeceb440707f9efd916ed7bc4606f0137df7c3f6e1de
apt_md5,FirstEnergy,bd9ffa6206b0bcc4bc80f739a2cc25a04c2cf2bc16925ee2d5f8e3e75d270e87
apt_md5,FirstEnergy,edaab02754d5ba0a6b0ad64fe2e9c30b169108dc
apt_md5,FirstEnergy,51780a91bc216ba6305031733f3d2a95a0165baba51f3c6657d3cdc4a9d91b61
apt_md5,FirstEnergy,d3acfbea0cfc732e819301c490b3bb89
apt_md5,FirstEnergy,867ea19ab858a36009fa87b5cbeb4928
apt_md5,FirstEnergy,57c42e34b6b5720b81803ac9264a6513a8fdb7eb
apt_md5,FirstEnergy,98582e229fcb702fe2593db6acdb0e9481efcf8fab541ccf96ecb034b58a540d
apt_md5,FirstEnergy,4f6d79cfe139ef60a625717dcd7fbc6163de6c46
apt_md5,FirstEnergy,28c089a180a3981555da829f69f4728ff55b6e30
apt_md5,FirstEnergy,e37d1c93d6a35e4c9b309e94fcb16770
apt_md5,FirstEnergy,c66a7d728dda63a285388f4bd7fd35dc
apt_md5,FirstEnergy,40601dde7535b1e5b005be5d2cc71e94
apt_md5,FirstEnergy,763219827fc6d84db281690631f71e9586d4e857
apt_md5,FirstEnergy,d61cebb5f337851bef3ad33647882f93
apt_md5,FirstEnergy,7f9a123bb49847daf175378a4730c7c594342693b95473a1dc3f64c7cb14a553
apt_md5,FirstEnergy,eda647ca391f1a46070e6ff493d6e1b6a28320ed6758f9b08bd3474519f1544c
apt_md5,FirstEnergy,ea485d0ae705d3cf7bf684226c1f6eeffb62e0451538d8076d829db6f5a629d2
apt_md5,FirstEnergy,7b368f693ae2749e26d13ca95a7421ffc4dd6d8a
apt_md5,FirstEnergy,54448d49a040bce96242e32bfc14bb41
apt_md5,FirstEnergy,6b2b89a1c20912ba848777722e49978443cc4b80
apt_md5,FirstEnergy,48c16291fa6f2f01d6333e7f38ad7218de6b9ce4
apt_md5,FirstEnergy,0a7ee6a0e172a830afbfde832ff5078b
apt_md5,FirstEnergy,863a9b53e1a89e751927ec0d302565d2
apt_md5,FirstEnergy,d87de826ca653d3bfe426337eadc0ee3
apt_md5,FirstEnergy,d01f1d377ac014cf17e0a72978933463eb242d044faa0b796891841da48508fa
apt_md5,FirstEnergy,e387dd8dd0f15b56d23f74604921d534a5592250
apt_md5,FirstEnergy,922abc1ecaeb8aa2c239eb1802efa9bd
apt_md5,FirstEnergy,7fcc92a048267ca6de6456801c1ed74960859eac11029cae75750609d6ca70fb
apt_md5,FirstEnergy,cfb743e84a643c99dd95394aad4b55f775ad437d
apt_md5,FirstEnergy,58107d1747eaaa3b3a1c221dd18d030483a9c725
mal_md5,FirstEnergy,e2d70229b34a86c7dc8caaab45b42df8ba368789b19db2ddb997a08533d5564f
mal_md5,FirstEnergy,06f9ea51bde8c4a4bc214a9def3b15b696bb29af4dc95cefc1d62ca08f73f1a2
apt_md5,FirstEnergy,26359b2182a18bed974d5a951f8ab841
apt_md5,FirstEnergy,c7256c432e5d1b3f5aa0151522e797f03d33a9f1